-- phpMyAdmin SQL Dump
-- version 5.2.1
-- https://www.phpmyadmin.net/
--
-- Host: 127.0.0.1
-- Generation Time: Apr 24, 2026 at 11:27 PM
-- Server version: 10.4.32-MariaDB
-- PHP Version: 8.0.30

SET SQL_MODE = "NO_AUTO_VALUE_ON_ZERO";
START TRANSACTION;
SET time_zone = "+00:00";


/*!40101 SET @OLD_CHARACTER_SET_CLIENT=@@CHARACTER_SET_CLIENT */;
/*!40101 SET @OLD_CHARACTER_SET_RESULTS=@@CHARACTER_SET_RESULTS */;
/*!40101 SET @OLD_COLLATION_CONNECTION=@@COLLATION_CONNECTION */;
/*!40101 SET NAMES utf8mb4 */;

--
-- Database: `olimp-fitness`
--

-- --------------------------------------------------------

--
-- Table structure for table `memberships`
--

CREATE TABLE `memberships` (
  `membership_id` int(11) NOT NULL,
  `user_id` int(11) DEFAULT NULL,
  `training_id` int(11) DEFAULT NULL,
  `start_date` date DEFAULT NULL
) ENGINE=InnoDB DEFAULT CHARSET=utf8mb4 COLLATE=utf8mb4_general_ci;

--
-- Dumping data for table `memberships`
--

INSERT INTO `memberships` (`membership_id`, `user_id`, `training_id`, `start_date`) VALUES
(3, 2, 4, '2023-01-03'),
(4, 2, 1, '2023-03-03'),
(5, 3, 5, '2023-01-04'),
(6, 3, 1, '2023-02-04'),
(7, 3, 2, '2023-03-04'),
(8, 3, 3, '2023-04-04'),
(9, 4, 1, '2023-01-05'),
(10, 4, 2, '2023-02-05'),
(11, 4, 3, '2023-03-05'),
(12, 4, 5, '2023-05-05'),
(13, 5, 6, '2023-01-06'),
(14, 5, 6, '2023-02-06'),
(15, 5, 6, '2023-04-06'),
(16, 5, 6, '2023-05-06'),
(17, 5, 6, '2023-06-06'),
(18, 6, 3, '2023-01-07'),
(19, 6, 4, '2023-02-07'),
(20, 6, 5, '2023-03-07'),
(21, 6, 1, '2023-04-07'),
(22, 6, 2, '2023-05-07'),
(23, 6, 4, '2023-07-07'),
(24, 7, 5, '2023-02-08'),
(25, 7, 1, '2023-03-08'),
(26, 7, 2, '2023-04-08'),
(27, 7, 4, '2023-06-08'),
(28, 7, 5, '2023-07-08'),
(29, 7, 1, '2023-08-08'),
(30, 8, 5, '2023-01-09'),
(31, 8, 1, '2023-02-09'),
(32, 8, 2, '2023-03-09'),
(33, 8, 4, '2023-05-09'),
(34, 8, 5, '2023-06-09'),
(35, 8, 1, '2023-07-09'),
(36, 8, 2, '2023-08-09'),
(37, 8, 3, '2023-09-09'),
(38, 9, 1, '2023-01-10'),
(39, 9, 2, '2023-02-10'),
(40, 9, 3, '2023-03-10'),
(41, 9, 4, '2023-04-10'),
(42, 9, 5, '2023-05-10'),
(43, 9, 1, '2023-06-10'),
(44, 9, 3, '2023-08-10'),
(45, 9, 4, '2023-09-10'),
(46, 9, 5, '2023-10-10'),
(47, 10, 6, '2023-01-11'),
(48, 10, 6, '2023-02-11'),
(49, 10, 6, '2023-03-11'),
(50, 10, 6, '2023-04-11'),
(51, 10, 6, '2023-05-11'),
(52, 10, 6, '2023-06-11'),
(53, 10, 6, '2023-07-11'),
(54, 10, 6, '2023-08-11'),
(55, 10, 6, '2023-09-11'),
(56, 10, 6, '2023-10-11'),
(57, 10, 6, '2023-11-11'),
(58, 11, 3, '2023-01-12'),
(59, 11, 4, '2023-02-12'),
(60, 11, 5, '2023-03-12'),
(61, 11, 1, '2023-04-12'),
(62, 11, 3, '2023-06-12'),
(63, 11, 4, '2023-07-12'),
(64, 11, 5, '2023-08-12'),
(65, 11, 2, '2023-10-12'),
(66, 11, 3, '2023-11-12'),
(67, 11, 4, '2023-12-12'),
(68, 12, 4, '2023-01-13'),
(69, 12, 5, '2023-02-13'),
(70, 12, 1, '2023-03-13'),
(71, 12, 2, '2023-04-13'),
(72, 12, 3, '2023-05-13'),
(73, 12, 4, '2023-06-13'),
(74, 12, 5, '2023-07-13'),
(75, 12, 1, '2023-08-13'),
(76, 12, 2, '2023-09-13'),
(77, 12, 3, '2023-10-13'),
(78, 12, 4, '2023-11-13'),
(79, 12, 4, '2024-01-13'),
(80, 13, 5, '2023-01-14'),
(81, 13, 1, '2023-02-14'),
(82, 13, 2, '2023-03-14'),
(83, 13, 3, '2023-04-14'),
(84, 13, 4, '2023-05-14'),
(85, 13, 5, '2023-06-14'),
(86, 13, 1, '2023-07-14'),
(87, 13, 2, '2023-08-14'),
(88, 13, 3, '2023-09-14'),
(89, 13, 4, '2023-10-14'),
(90, 13, 5, '2023-11-14'),
(91, 13, 1, '2023-12-14'),
(92, 13, 5, '2024-01-14'),
(93, 13, 1, '2024-02-14'),
(94, 14, 1, '2023-01-15'),
(95, 14, 2, '2023-02-15'),
(96, 14, 3, '2023-03-15'),
(97, 14, 4, '2023-04-15'),
(98, 14, 5, '2023-05-15'),
(99, 14, 1, '2023-06-15'),
(100, 14, 2, '2023-07-15'),
(101, 14, 3, '2023-08-15'),
(102, 14, 4, '2023-09-15'),
(103, 14, 1, '2023-11-15'),
(104, 14, 2, '2023-12-15'),
(105, 14, 1, '2024-01-15'),
(106, 14, 3, '2024-03-15'),
(107, 15, 6, '2023-01-16'),
(108, 15, 6, '2023-02-16'),
(109, 15, 6, '2023-03-16'),
(110, 15, 6, '2023-04-16'),
(111, 15, 6, '2023-06-16'),
(112, 15, 6, '2023-07-16'),
(113, 15, 6, '2023-08-16'),
(114, 15, 6, '2023-09-16'),
(115, 15, 6, '2023-10-16'),
(116, 15, 6, '2023-11-16'),
(117, 15, 6, '2023-12-16'),
(118, 15, 6, '2024-01-16'),
(119, 15, 6, '2024-02-16'),
(120, 15, 6, '2024-03-16'),
(121, 15, 6, '2024-04-16'),
(122, 16, 3, '2023-01-17'),
(123, 16, 4, '2023-02-17'),
(124, 16, 5, '2023-03-17'),
(125, 16, 2, '2023-05-17'),
(126, 16, 3, '2023-06-17'),
(127, 16, 4, '2023-07-17'),
(128, 16, 1, '2023-09-17'),
(129, 16, 2, '2023-10-17'),
(130, 16, 3, '2023-11-17'),
(131, 16, 4, '2023-12-17'),
(132, 16, 3, '2024-01-17'),
(133, 16, 4, '2024-02-17'),
(134, 16, 5, '2024-03-17'),
(135, 16, 1, '2024-04-17'),
(136, 16, 2, '2024-05-17'),
(137, 17, 4, '2023-01-18'),
(138, 17, 5, '2023-02-18'),
(139, 17, 2, '2023-04-18'),
(140, 17, 3, '2023-05-18'),
(141, 17, 4, '2023-06-18'),
(142, 17, 1, '2023-08-18'),
(143, 17, 2, '2023-09-18'),
(144, 17, 3, '2023-10-18'),
(145, 17, 4, '2023-11-18'),
(146, 17, 5, '2023-12-18'),
(147, 17, 4, '2024-01-18'),
(148, 17, 5, '2024-02-18'),
(149, 17, 1, '2024-03-18'),
(150, 17, 2, '2024-04-18'),
(151, 17, 3, '2024-05-18'),
(152, 17, 4, '2024-06-18'),
(153, 18, 5, '2023-01-19'),
(154, 18, 2, '2023-03-19'),
(155, 18, 3, '2023-04-19'),
(156, 18, 4, '2023-05-19'),
(157, 18, 1, '2023-07-19'),
(158, 18, 2, '2023-08-19'),
(159, 18, 3, '2023-09-19'),
(160, 18, 5, '2023-11-19'),
(161, 18, 1, '2023-12-19'),
(162, 18, 5, '2024-01-19'),
(163, 18, 1, '2024-02-19'),
(164, 18, 2, '2024-03-19'),
(165, 18, 3, '2024-04-19'),
(166, 18, 4, '2024-05-19'),
(167, 18, 1, '2024-07-19'),
(168, 19, 2, '2023-02-20'),
(169, 19, 3, '2023-03-20'),
(170, 19, 4, '2023-04-20'),
(171, 19, 1, '2023-06-20'),
(172, 19, 2, '2023-07-20'),
(173, 19, 3, '2023-08-20'),
(174, 19, 4, '2023-09-20'),
(175, 19, 5, '2023-10-20'),
(176, 19, 1, '2023-11-20'),
(177, 19, 2, '2023-12-20'),
(178, 19, 2, '2024-02-20'),
(179, 19, 3, '2024-03-20'),
(180, 19, 4, '2024-04-20'),
(181, 19, 5, '2024-05-20'),
(182, 19, 1, '2024-06-20'),
(183, 19, 2, '2024-07-20'),
(184, 19, 3, '2024-08-20'),
(185, 20, 6, '2023-01-21'),
(186, 20, 6, '2023-02-21'),
(187, 20, 6, '2023-03-21'),
(188, 20, 6, '2023-04-21'),
(189, 20, 6, '2023-05-21'),
(190, 20, 6, '2023-06-21'),
(191, 20, 6, '2023-07-21'),
(192, 20, 6, '2023-08-21'),
(193, 20, 6, '2023-09-21'),
(194, 20, 6, '2023-10-21'),
(195, 20, 6, '2023-11-21'),
(196, 20, 6, '2024-01-21'),
(197, 20, 6, '2024-02-21'),
(198, 20, 6, '2024-03-21'),
(199, 20, 6, '2024-05-21'),
(200, 20, 6, '2024-06-21'),
(201, 20, 6, '2024-07-21'),
(202, 20, 6, '2024-09-21'),
(203, 21, 3, '2023-01-22'),
(204, 21, 4, '2023-02-22'),
(205, 21, 5, '2023-03-22'),
(206, 21, 1, '2023-04-22'),
(207, 21, 2, '2023-05-22'),
(208, 21, 3, '2023-06-22'),
(209, 21, 4, '2023-07-22'),
(210, 21, 5, '2023-08-22'),
(211, 21, 1, '2023-09-22'),
(212, 21, 2, '2023-10-22'),
(213, 21, 3, '2023-11-22'),
(214, 21, 4, '2023-12-22'),
(215, 21, 3, '2024-01-22'),
(216, 21, 4, '2024-02-22'),
(217, 21, 5, '2024-03-22'),
(218, 21, 1, '2024-04-22'),
(219, 21, 2, '2024-05-22'),
(220, 21, 3, '2024-06-22'),
(221, 21, 4, '2024-07-22'),
(222, 21, 5, '2024-08-22'),
(223, 21, 1, '2024-09-22'),
(224, 21, 2, '2024-10-22'),
(225, 22, 4, '2023-01-23'),
(226, 22, 5, '2023-02-23'),
(227, 22, 1, '2023-03-23'),
(228, 22, 2, '2023-04-23'),
(229, 22, 3, '2023-05-23'),
(230, 22, 5, '2023-07-23'),
(231, 22, 1, '2023-08-23'),
(232, 22, 2, '2023-09-23'),
(233, 22, 3, '2023-10-23'),
(234, 22, 4, '2023-11-23'),
(235, 22, 5, '2023-12-23'),
(236, 22, 4, '2024-01-23'),
(237, 22, 1, '2024-03-23'),
(238, 22, 2, '2024-04-23'),
(239, 22, 3, '2024-05-23'),
(240, 22, 4, '2024-06-23'),
(241, 22, 5, '2024-07-23'),
(242, 22, 1, '2024-08-23'),
(243, 22, 2, '2024-09-23'),
(244, 22, 4, '2024-11-23'),
(245, 23, 5, '2023-01-24'),
(246, 23, 1, '2023-02-24'),
(247, 23, 2, '2023-03-24'),
(248, 23, 3, '2023-04-24'),
(249, 23, 5, '2023-06-24'),
(250, 23, 1, '2023-07-24'),
(251, 23, 2, '2023-08-24'),
(252, 23, 3, '2023-09-24'),
(253, 23, 4, '2023-10-24'),
(254, 23, 5, '2023-11-24'),
(255, 23, 1, '2023-12-24'),
(256, 23, 5, '2024-01-24'),
(257, 23, 1, '2024-02-24'),
(258, 23, 2, '2024-03-24'),
(259, 23, 3, '2024-04-24'),
(260, 23, 4, '2024-05-24'),
(261, 23, 5, '2024-06-24'),
(262, 23, 1, '2024-07-24'),
(263, 23, 2, '2024-08-24'),
(264, 23, 3, '2024-09-24'),
(265, 23, 4, '2024-10-24'),
(266, 23, 5, '2024-11-24'),
(267, 23, 1, '2024-12-24'),
(268, 24, 1, '2023-01-25'),
(269, 24, 2, '2023-02-25'),
(270, 24, 3, '2023-03-25'),
(271, 24, 4, '2023-04-25'),
(272, 24, 5, '2023-05-25'),
(273, 24, 1, '2023-06-25'),
(274, 24, 2, '2023-07-25'),
(275, 24, 3, '2023-08-25'),
(276, 24, 4, '2023-09-25'),
(277, 24, 5, '2023-10-25'),
(278, 24, 1, '2023-11-25'),
(279, 24, 1, '2024-01-25'),
(280, 24, 2, '2024-02-25'),
(281, 24, 3, '2024-03-25'),
(282, 24, 4, '2024-04-25'),
(283, 24, 5, '2024-05-25'),
(284, 24, 1, '2024-06-25'),
(285, 24, 2, '2024-07-25'),
(286, 24, 3, '2024-08-25'),
(287, 24, 4, '2024-09-25'),
(288, 24, 5, '2024-10-25'),
(289, 24, 1, '2024-11-25'),
(290, 24, 2, '2024-12-25'),
(291, 24, 1, '2025-01-25'),
(292, 25, 6, '2023-01-26'),
(293, 25, 6, '2023-02-26'),
(294, 25, 6, '2023-03-26'),
(295, 25, 6, '2023-04-26'),
(296, 25, 6, '2023-05-26'),
(297, 25, 6, '2023-06-26'),
(298, 25, 6, '2023-08-26'),
(299, 25, 6, '2023-09-26'),
(300, 25, 6, '2023-10-26'),
(301, 25, 6, '2023-11-26'),
(302, 25, 6, '2023-12-26'),
(303, 25, 6, '2024-01-26'),
(304, 25, 6, '2024-02-26'),
(305, 25, 6, '2024-04-26'),
(306, 25, 6, '2024-05-26'),
(307, 25, 6, '2024-06-26'),
(308, 25, 6, '2024-08-26'),
(309, 25, 6, '2024-09-26'),
(310, 25, 6, '2024-10-26'),
(311, 25, 6, '2024-11-26'),
(312, 25, 6, '2024-12-26'),
(313, 25, 6, '2025-01-26'),
(314, 25, 6, '2025-02-26'),
(315, 26, 3, '2023-01-27'),
(316, 26, 5, '2023-03-27'),
(317, 26, 1, '2023-04-27'),
(318, 26, 2, '2023-05-27'),
(319, 26, 3, '2023-06-27'),
(320, 26, 4, '2023-07-27'),
(321, 26, 5, '2023-08-27'),
(322, 26, 1, '2023-09-27'),
(323, 26, 2, '2023-10-27'),
(324, 26, 3, '2023-11-27'),
(325, 26, 4, '2023-12-27'),
(326, 26, 3, '2024-01-27'),
(327, 26, 4, '2024-02-27'),
(328, 26, 5, '2024-03-27'),
(329, 26, 1, '2024-04-27'),
(330, 26, 2, '2024-05-27'),
(331, 26, 3, '2024-06-27'),
(332, 26, 4, '2024-07-27'),
(333, 26, 5, '2024-08-27'),
(334, 26, 1, '2024-09-27'),
(335, 26, 2, '2024-10-27'),
(336, 26, 3, '2024-11-27'),
(337, 26, 4, '2024-12-27'),
(338, 26, 3, '2025-01-27'),
(339, 26, 5, '2025-03-27'),
(340, 27, 4, '2023-01-28'),
(341, 27, 5, '2023-02-28'),
(342, 27, 1, '2023-03-28'),
(343, 27, 2, '2023-04-28'),
(344, 27, 4, '2023-06-28'),
(345, 27, 5, '2023-07-28'),
(346, 27, 1, '2023-08-28'),
(347, 27, 3, '2023-10-28'),
(348, 27, 4, '2023-11-28'),
(349, 27, 5, '2023-12-28'),
(350, 27, 4, '2024-01-28'),
(351, 27, 5, '2024-02-28'),
(352, 27, 1, '2024-03-28'),
(353, 27, 2, '2024-04-28'),
(354, 27, 3, '2024-05-28'),
(355, 27, 4, '2024-06-28'),
(356, 27, 5, '2024-07-28'),
(357, 27, 1, '2024-08-28'),
(358, 27, 3, '2024-10-28'),
(359, 27, 4, '2024-11-28'),
(360, 27, 5, '2024-12-28'),
(361, 27, 4, '2025-01-28'),
(362, 27, 5, '2025-02-28'),
(363, 27, 1, '2025-03-28'),
(364, 27, 2, '2025-04-28'),
(365, 28, 5, '2023-01-01'),
(366, 28, 1, '2023-02-01'),
(367, 28, 2, '2023-03-01'),
(368, 28, 3, '2023-04-01'),
(369, 28, 4, '2023-05-01'),
(370, 28, 5, '2023-06-01'),
(371, 28, 1, '2023-07-01'),
(372, 28, 2, '2023-08-01'),
(373, 28, 3, '2023-09-01'),
(374, 28, 4, '2023-10-01'),
(375, 28, 5, '2023-11-01'),
(376, 28, 5, '2024-01-01'),
(377, 28, 1, '2024-02-01'),
(378, 28, 2, '2024-03-01'),
(379, 28, 4, '2024-05-01'),
(380, 28, 5, '2024-06-01'),
(381, 28, 1, '2024-07-01'),
(382, 28, 3, '2024-09-01'),
(383, 28, 4, '2024-10-01'),
(384, 28, 5, '2024-11-01'),
(385, 28, 1, '2024-12-01'),
(386, 28, 5, '2025-01-01'),
(387, 28, 1, '2025-02-01'),
(388, 28, 2, '2025-03-01'),
(389, 28, 3, '2025-04-01'),
(390, 28, 4, '2025-05-01'),
(391, 29, 1, '2023-01-02'),
(392, 29, 2, '2023-02-02'),
(393, 29, 3, '2023-03-02'),
(394, 29, 4, '2023-04-02'),
(395, 29, 5, '2023-05-02'),
(396, 29, 1, '2023-06-02'),
(397, 29, 3, '2023-08-02'),
(398, 29, 4, '2023-09-02'),
(399, 29, 5, '2023-10-02'),
(400, 29, 2, '2023-12-02'),
(401, 29, 1, '2024-01-02'),
(402, 29, 2, '2024-02-02'),
(403, 29, 4, '2024-04-02'),
(404, 29, 5, '2024-05-02'),
(405, 29, 1, '2024-06-02'),
(406, 29, 3, '2024-08-02'),
(407, 29, 4, '2024-09-02'),
(408, 29, 5, '2024-10-02'),
(409, 29, 2, '2024-12-02'),
(410, 29, 1, '2025-01-02'),
(411, 29, 2, '2025-02-02'),
(412, 29, 3, '2025-03-02'),
(413, 29, 4, '2025-04-02'),
(414, 29, 5, '2025-05-02'),
(415, 29, 1, '2025-06-02'),
(416, 30, 6, '2023-01-03'),
(417, 30, 6, '2023-03-03'),
(418, 30, 6, '2023-04-03'),
(419, 30, 6, '2023-05-03'),
(420, 30, 6, '2023-06-03'),
(421, 30, 6, '2023-07-03'),
(422, 30, 6, '2023-08-03'),
(423, 30, 6, '2023-09-03'),
(424, 30, 6, '2023-11-03'),
(425, 30, 6, '2023-12-03'),
(426, 30, 6, '2024-01-03'),
(427, 30, 6, '2024-02-03'),
(428, 30, 6, '2024-03-03'),
(429, 30, 6, '2024-04-03'),
(430, 30, 6, '2024-05-03'),
(431, 30, 6, '2024-07-03'),
(432, 30, 6, '2024-08-03'),
(433, 30, 6, '2024-09-03'),
(434, 30, 6, '2024-10-03'),
(435, 30, 6, '2024-11-03'),
(436, 30, 6, '2024-12-03'),
(437, 30, 6, '2025-01-03'),
(438, 30, 6, '2025-02-03'),
(439, 30, 6, '2025-03-03'),
(440, 30, 6, '2025-04-03'),
(441, 30, 6, '2025-05-03'),
(442, 30, 6, '2025-06-03'),
(443, 30, 6, '2025-07-03'),
(444, 31, 3, '2023-01-04'),
(445, 31, 4, '2023-02-04'),
(446, 31, 5, '2023-03-04'),
(447, 31, 1, '2023-04-04'),
(448, 31, 2, '2023-05-04'),
(449, 31, 3, '2023-06-04'),
(450, 31, 4, '2023-07-04'),
(451, 31, 5, '2023-08-04'),
(452, 31, 2, '2023-10-04'),
(453, 31, 3, '2023-11-04'),
(454, 31, 4, '2023-12-04'),
(455, 31, 3, '2024-01-04'),
(456, 31, 4, '2024-02-04'),
(457, 31, 5, '2024-03-04'),
(458, 31, 1, '2024-04-04'),
(459, 31, 2, '2024-05-04'),
(460, 31, 3, '2024-06-04'),
(461, 31, 4, '2024-07-04'),
(462, 31, 5, '2024-08-04'),
(463, 31, 2, '2024-10-04'),
(464, 31, 3, '2024-11-04'),
(465, 31, 4, '2024-12-04'),
(466, 31, 4, '2025-02-04'),
(467, 31, 5, '2025-03-04'),
(468, 31, 1, '2025-04-04'),
(469, 31, 3, '2025-06-04'),
(470, 31, 4, '2025-07-04'),
(471, 31, 5, '2025-08-04'),
(472, 32, 4, '2023-01-05'),
(473, 32, 5, '2023-02-05'),
(474, 32, 1, '2023-03-05'),
(475, 32, 3, '2023-05-05'),
(476, 32, 4, '2023-06-05'),
(477, 32, 5, '2023-07-05'),
(478, 32, 2, '2023-09-05'),
(479, 32, 3, '2023-10-05'),
(480, 32, 4, '2023-11-05'),
(481, 32, 5, '2023-12-05'),
(482, 32, 4, '2024-01-05'),
(483, 32, 5, '2024-02-05'),
(484, 32, 1, '2024-03-05'),
(485, 32, 3, '2024-05-05'),
(486, 32, 4, '2024-06-05'),
(487, 32, 5, '2024-07-05'),
(488, 32, 2, '2024-09-05'),
(489, 32, 3, '2024-10-05'),
(490, 32, 4, '2024-11-05'),
(491, 32, 4, '2025-01-05'),
(492, 32, 5, '2025-02-05'),
(493, 32, 1, '2025-03-05'),
(494, 32, 2, '2025-04-05'),
(495, 32, 3, '2025-05-05'),
(496, 32, 4, '2025-06-05'),
(497, 32, 5, '2025-07-05'),
(498, 32, 1, '2025-08-05'),
(499, 32, 2, '2025-09-05'),
(500, 33, 5, '2023-01-06'),
(501, 33, 1, '2023-02-06'),
(502, 33, 2, '2023-03-06'),
(503, 33, 3, '2023-04-06'),
(504, 33, 4, '2023-05-06'),
(505, 33, 5, '2023-06-06'),
(506, 33, 2, '2023-08-06'),
(507, 33, 3, '2023-09-06'),
(508, 33, 4, '2023-10-06'),
(509, 33, 5, '2023-11-06'),
(510, 33, 1, '2023-12-06'),
(511, 33, 5, '2024-01-06'),
(512, 33, 1, '2024-02-06'),
(513, 33, 2, '2024-03-06'),
(514, 33, 3, '2024-04-06'),
(515, 33, 4, '2024-05-06'),
(516, 33, 5, '2024-06-06'),
(517, 33, 1, '2024-07-06'),
(518, 33, 2, '2024-08-06'),
(519, 33, 3, '2024-09-06'),
(520, 33, 4, '2024-10-06'),
(521, 33, 1, '2024-12-06'),
(522, 33, 5, '2025-01-06'),
(523, 33, 1, '2025-02-06'),
(524, 33, 3, '2025-04-06'),
(525, 33, 4, '2025-05-06'),
(526, 33, 5, '2025-06-06'),
(527, 33, 2, '2025-08-06'),
(528, 33, 3, '2025-09-06'),
(529, 33, 4, '2025-10-06'),
(530, 34, 1, '2023-01-07'),
(531, 34, 3, '2023-03-07'),
(532, 34, 4, '2023-04-07'),
(533, 34, 5, '2023-05-07'),
(534, 34, 2, '2023-07-07'),
(535, 34, 3, '2023-08-07'),
(536, 34, 4, '2023-09-07'),
(537, 34, 1, '2023-11-07'),
(538, 34, 2, '2023-12-07'),
(539, 34, 1, '2024-01-07'),
(540, 34, 3, '2024-03-07'),
(541, 34, 4, '2024-04-07'),
(542, 34, 5, '2024-05-07'),
(543, 34, 1, '2024-06-07'),
(544, 34, 2, '2024-07-07'),
(545, 34, 3, '2024-08-07'),
(546, 34, 4, '2024-09-07'),
(547, 34, 5, '2024-10-07'),
(548, 34, 1, '2024-11-07'),
(549, 34, 2, '2024-12-07'),
(550, 34, 1, '2025-01-07'),
(551, 34, 2, '2025-02-07'),
(552, 34, 3, '2025-03-07'),
(553, 34, 4, '2025-04-07'),
(554, 34, 5, '2025-05-07'),
(555, 34, 1, '2025-06-07'),
(556, 34, 2, '2025-07-07'),
(557, 34, 3, '2025-08-07'),
(558, 34, 4, '2025-09-07'),
(559, 34, 1, '2025-11-07'),
(560, 35, 6, '2023-02-08'),
(561, 35, 6, '2023-03-08'),
(562, 35, 6, '2023-04-08'),
(563, 35, 6, '2023-05-08'),
(564, 35, 6, '2023-06-08'),
(565, 35, 6, '2023-07-08'),
(566, 35, 6, '2023-08-08'),
(567, 35, 6, '2023-09-08'),
(568, 35, 6, '2023-10-08'),
(569, 35, 6, '2023-11-08'),
(570, 35, 6, '2023-12-08'),
(571, 35, 6, '2024-01-08'),
(572, 35, 6, '2024-02-08'),
(573, 35, 6, '2024-03-08'),
(574, 35, 6, '2024-04-08'),
(575, 35, 6, '2024-06-08'),
(576, 35, 6, '2024-07-08'),
(577, 35, 6, '2024-08-08'),
(578, 35, 6, '2024-10-08'),
(579, 35, 6, '2024-11-08'),
(580, 35, 6, '2024-12-08'),
(581, 35, 6, '2025-02-08'),
(582, 35, 6, '2025-03-08'),
(583, 35, 6, '2025-04-08'),
(584, 35, 6, '2025-05-08'),
(585, 35, 6, '2025-06-08'),
(586, 35, 6, '2025-07-08'),
(587, 35, 6, '2025-08-08'),
(588, 35, 6, '2025-10-08'),
(589, 35, 6, '2025-11-08'),
(590, 35, 6, '2025-12-08'),
(591, 36, 3, '2023-01-09'),
(592, 37, 4, '2023-01-10'),
(593, 37, 5, '2023-02-10'),
(594, 38, 5, '2023-01-11'),
(595, 38, 1, '2023-02-11'),
(596, 38, 2, '2023-03-11'),
(597, 39, 2, '2023-02-12'),
(598, 39, 3, '2023-03-12'),
(599, 39, 4, '2023-04-12'),
(600, 40, 6, '2023-01-13'),
(601, 40, 6, '2023-02-13'),
(602, 40, 6, '2023-03-13'),
(603, 40, 6, '2023-04-13'),
(604, 40, 6, '2023-05-13'),
(605, 41, 3, '2023-01-14'),
(606, 41, 4, '2023-02-14'),
(607, 41, 1, '2023-04-14'),
(608, 41, 2, '2023-05-14'),
(609, 41, 3, '2023-06-14'),
(610, 42, 4, '2023-01-15'),
(611, 42, 5, '2023-02-15'),
(612, 42, 1, '2023-03-15'),
(613, 42, 2, '2023-04-15'),
(614, 42, 3, '2023-05-15'),
(615, 42, 4, '2023-06-15'),
(616, 42, 5, '2023-07-15'),
(617, 43, 1, '2023-02-16'),
(618, 43, 2, '2023-03-16'),
(619, 43, 3, '2023-04-16'),
(620, 43, 5, '2023-06-16'),
(621, 43, 1, '2023-07-16'),
(622, 43, 2, '2023-08-16'),
(623, 44, 1, '2023-01-17'),
(624, 44, 2, '2023-02-17'),
(625, 44, 3, '2023-03-17'),
(626, 44, 5, '2023-05-17'),
(627, 44, 1, '2023-06-17'),
(628, 44, 2, '2023-07-17'),
(629, 44, 3, '2023-08-17'),
(630, 44, 4, '2023-09-17'),
(631, 45, 6, '2023-01-18'),
(632, 45, 6, '2023-02-18'),
(633, 45, 6, '2023-03-18'),
(634, 45, 6, '2023-04-18'),
(635, 45, 6, '2023-05-18'),
(636, 45, 6, '2023-06-18'),
(637, 45, 6, '2023-08-18'),
(638, 45, 6, '2023-09-18'),
(639, 45, 6, '2023-10-18'),
(640, 46, 3, '2023-01-19'),
(641, 46, 5, '2023-03-19'),
(642, 46, 1, '2023-04-19'),
(643, 46, 2, '2023-05-19'),
(644, 46, 3, '2023-06-19'),
(645, 46, 4, '2023-07-19'),
(646, 46, 5, '2023-08-19'),
(647, 46, 1, '2023-09-19'),
(648, 46, 3, '2023-11-19'),
(649, 47, 4, '2023-01-20'),
(650, 47, 5, '2023-02-20'),
(651, 47, 1, '2023-03-20'),
(652, 47, 2, '2023-04-20'),
(653, 47, 4, '2023-06-20'),
(654, 47, 5, '2023-07-20'),
(655, 47, 1, '2023-08-20'),
(656, 47, 3, '2023-10-20'),
(657, 47, 4, '2023-11-20'),
(658, 47, 5, '2023-12-20'),
(659, 48, 5, '2023-01-21'),
(660, 48, 1, '2023-02-21'),
(661, 48, 2, '2023-03-21'),
(662, 48, 3, '2023-04-21'),
(663, 48, 4, '2023-05-21'),
(664, 48, 5, '2023-06-21'),
(665, 48, 1, '2023-07-21'),
(666, 48, 3, '2023-09-21'),
(667, 48, 4, '2023-10-21'),
(668, 48, 5, '2023-11-21'),
(669, 48, 5, '2024-01-21'),
(670, 49, 1, '2023-01-22'),
(671, 49, 2, '2023-02-22'),
(672, 49, 4, '2023-04-22'),
(673, 49, 5, '2023-05-22'),
(674, 49, 1, '2023-06-22'),
(675, 49, 3, '2023-08-22'),
(676, 49, 4, '2023-09-22'),
(677, 49, 5, '2023-10-22'),
(678, 49, 1, '2023-11-22'),
(679, 49, 2, '2023-12-22'),
(680, 49, 1, '2024-01-22'),
(681, 49, 2, '2024-02-22'),
(682, 50, 6, '2023-01-23'),
(683, 50, 6, '2023-02-23'),
(684, 50, 6, '2023-03-23'),
(685, 50, 6, '2023-04-23'),
(686, 50, 6, '2023-05-23'),
(687, 50, 6, '2023-06-23'),
(688, 50, 6, '2023-07-23'),
(689, 50, 6, '2023-08-23'),
(690, 50, 6, '2023-09-23'),
(691, 50, 6, '2023-10-23'),
(692, 50, 6, '2023-11-23'),
(693, 50, 6, '2023-12-23'),
(694, 50, 6, '2024-01-23'),
(695, 50, 6, '2024-03-23'),
(696, 51, 3, '2023-01-24'),
(697, 51, 4, '2023-02-24'),
(698, 51, 5, '2023-03-24'),
(699, 51, 1, '2023-04-24'),
(700, 51, 3, '2023-06-24'),
(701, 51, 4, '2023-07-24'),
(702, 51, 5, '2023-08-24'),
(703, 51, 2, '2023-10-24'),
(704, 51, 3, '2023-11-24'),
(705, 51, 4, '2023-12-24'),
(706, 51, 4, '2024-02-24'),
(707, 51, 5, '2024-03-24'),
(708, 51, 1, '2024-04-24'),
(709, 52, 4, '2023-01-25'),
(710, 52, 5, '2023-02-25'),
(711, 52, 1, '2023-03-25'),
(712, 52, 2, '2023-04-25'),
(713, 52, 3, '2023-05-25'),
(714, 52, 4, '2023-06-25'),
(715, 52, 5, '2023-07-25'),
(716, 52, 2, '2023-09-25'),
(717, 52, 3, '2023-10-25'),
(718, 52, 4, '2023-11-25'),
(719, 52, 4, '2024-01-25'),
(720, 52, 5, '2024-02-25'),
(721, 52, 1, '2024-03-25'),
(722, 52, 3, '2024-05-25'),
(723, 53, 5, '2023-01-26'),
(724, 53, 1, '2023-02-26'),
(725, 53, 3, '2023-04-26'),
(726, 53, 4, '2023-05-26'),
(727, 53, 5, '2023-06-26'),
(728, 53, 1, '2023-07-26'),
(729, 53, 2, '2023-08-26'),
(730, 53, 3, '2023-09-26'),
(731, 53, 4, '2023-10-26'),
(732, 53, 5, '2023-11-26'),
(733, 53, 1, '2023-12-26'),
(734, 53, 5, '2024-01-26'),
(735, 53, 1, '2024-02-26'),
(736, 53, 3, '2024-04-26'),
(737, 53, 4, '2024-05-26'),
(738, 53, 5, '2024-06-26'),
(739, 54, 1, '2023-01-27'),
(740, 54, 3, '2023-03-27'),
(741, 54, 4, '2023-04-27'),
(742, 54, 5, '2023-05-27'),
(743, 54, 2, '2023-07-27'),
(744, 54, 3, '2023-08-27'),
(745, 54, 4, '2023-09-27'),
(746, 54, 1, '2023-11-27'),
(747, 54, 2, '2023-12-27'),
(748, 54, 1, '2024-01-27'),
(749, 54, 2, '2024-02-27'),
(750, 54, 3, '2024-03-27'),
(751, 54, 4, '2024-04-27'),
(752, 54, 5, '2024-05-27'),
(753, 54, 1, '2024-06-27'),
(754, 54, 2, '2024-07-27');

-- --------------------------------------------------------

--
-- Table structure for table `trainings`
--

CREATE TABLE `trainings` (
  `training_id` int(11) NOT NULL,
  `title` varchar(50) NOT NULL,
  `description` text NOT NULL,
  `price` decimal(10,2) NOT NULL,
  `status` varchar(50) NOT NULL
) ENGINE=InnoDB DEFAULT CHARSET=utf8mb4 COLLATE=utf8mb4_general_ci;

--
-- Dumping data for table `trainings`
--

INSERT INTO `trainings` (`training_id`, `title`, `description`, `price`, `status`) VALUES
(1, 'Dnevni trening', 'Članarina za jednodnevni trening u teretani koja omogućava pristup svim dostupnim spravama i prostorijama u okviru jednog dana korišćenja.', 500.00, 'aktivan'),
(2, 'Polumesečna članarina', 'Polumesečna članarina koja omogućava neograničen pristup teretani u trajanju od 15 dana, uz korišćenje svih sprava i trening zona.', 2500.00, 'aktivan'),
(3, 'Mesečna članarina do 15h', 'Mesečna članarina sa ograničenim terminom korišćenja do 15h, koja omogućava neograničen pristup teretani u okviru jutarnjih i ranih popodnevnih termina tokom 30 dana.', 3000.00, 'aktivan'),
(4, 'Mesečna članarina', 'Mesečna članarina koja omogućava neograničen pristup teretani tokom 30 dana, uz korišćenje svih sprava i trening zona.', 3400.00, 'aktivan'),
(5, 'Personalni treninzi', 'Personalni treninzi su individualno prilagođeni treninzi uz stalni nadzor trenera, fokusirani na tvoje ciljeve, pravilnu tehniku izvođenja vežbi i maksimalan napredak kroz personalizovan program.', 11700.00, 'aktivan'),
(6, 'Studentska članarina', 'Studentska članarina je posebna povoljna članarina namenjena studentima, koja omogućava neograničen pristup teretani tokom određenog perioda, uz korišćenje svih sprava i trening zona u cilju održavanja forme i zdravog načina života.', 2600.00, 'aktivan');

-- --------------------------------------------------------

--
-- Table structure for table `users`
--

CREATE TABLE `users` (
  `user_id` int(11) NOT NULL,
  `username` varchar(50) NOT NULL,
  `password` varchar(50) NOT NULL,
  `email` varchar(50) NOT NULL,
  `user_level` int(11) NOT NULL
) ENGINE=InnoDB DEFAULT CHARSET=utf8mb4 COLLATE=utf8mb4_general_ci;

--
-- Dumping data for table `users`
--

INSERT INTO `users` (`user_id`, `username`, `password`, `email`, `user_level`) VALUES
(1, 'admin', 'admin', 'admin@example.com', 2),
(2, 'rfranses0', 'xP8_h\"jwR', 'oallerton0@wired.com', 1),
(3, 'bmathey1', 'qX9)SU9X+i', 'cozanne1@sogou.com', 1),
(4, 'dkirkbride2', 'vX8*~>5?WDn_JdE#', 'dpietraszek2@timesonline.co.uk', 1),
(5, 'wleeds3', 'xG9\'u=\"#', 'gfourcade3@theguardian.com', 1),
(6, 'egotch4', 'iC0\"BqSjvVI', 'fjankovic4@godaddy.com', 1),
(7, 'vmaha5', 'wJ6\'w_DDplU`?R', 'amizzen5@webeden.co.uk', 1),
(8, 'moteague6', 'fS6@xgrJYp>_p', 'wdo6@i2i.jp', 1),
(9, 'mrossander7', 'pW1$=+0zt``S`O', 'rputtergill7@dion.ne.jp', 1),
(10, 'tcahen8', 'hR4@?%nrQY', 'fjeppensen8@tuttocitta.it', 1),
(11, 'bstamp9', 'uM4<O+v0>h', 'dchurly9@sina.com.cn', 1),
(12, 'pmathiasena', 'kH3`WTT8N,v', 'cmulcastera@woothemes.com', 1),
(13, 'avittorib', 'qZ3=gEYN,', 'aselesnickb@marriott.com', 1),
(14, 'tianellic', 'bM6\"0VS{(', 'ckainec@answers.com', 1),
(15, 'bstartind', 'rA2}JYxd\'7|r#,.', 'vmuslimd@chron.com', 1),
(16, 'hcristofaninie', 'mS2\'KKuf2?<7sGj', 'edurnalle@surveymonkey.com', 1),
(17, 'mwebbenf', 'hL2`a}#\'R', 'mcapef@mail.ru', 1),
(18, 'bkilgroveg', 'jL7,.xFU)aR\'', 'ddunwoodyg@alibaba.com', 1),
(19, 'ipatienth', 'gW6!PIU*f$(?', 'tmcmasterh@nsw.gov.au', 1),
(20, 'wpybworthi', 'mA4(dk|sjU}U', 'cjinkinsoni@hibu.com', 1),
(21, 'jerasmusj', 'gU9.HX9>s', 'rkeavej@plala.or.jp', 1),
(22, 'cmawk', 'qB7$v)QCHyl3kwO{', 'zblakerk@youku.com', 1),
(23, 'amacbanel', 'rL1@JD5WYzIG`', 'mgunthorpl@dailymotion.com', 1),
(24, 'ktrewinm', 'nW6/y~u\'I_>W', 'bolyfantm@ihg.com', 1),
(25, 'jgivensn', 'aU9).TV*1D|DNSj', 'zdriversn@wikispaces.com', 1),
(26, 'yparonio', 'wA3/Z}C#FW6fSS?', 'gmckeowono@washington.edu', 1),
(27, 'mgamep', 'dN9!fwct', 'meisigp@icio.us', 1),
(28, 'tleyntonq', 'sG0+Fifcc2', 'pgathq@wiley.com', 1),
(29, 'avarndellr', 'zF7.Fs{,', 'sshropsheirr@paypal.com', 1),
(30, 'dmoules', 'zP0/B#VAHx#pYj7', 'mhugetts@mapquest.com', 1),
(31, 'scorradit', 'oO2`4y#3\'5Id', 'mreillyt@prlog.org', 1),
(32, 'rblinermanu', 'rZ2.u|AQ}j3U$=', 'aimoreu@pagesperso-orange.fr', 1),
(33, 'elokierv', 'fE2}0ap4Z?', 'olafontv@yale.edu', 1),
(34, 'mvanelliw', 'zO8<l/H(=SwX_=', 'ldebernardisw@amazonaws.com', 1),
(35, 'dhunx', 'fX3_jjNfzS', 'mbissx@whitehouse.gov', 1),
(36, 'mgabbitusy', 'fQ6{Bxwd+SxH<@A', 'tedysony@cam.ac.uk', 1),
(37, 'lgainsboroz', 'lD1\'64#ieJ?q}l_', 'cvreedez@google.co.uk', 1),
(38, 'lthorneywork10', 'qF7\"4a&@7', 'gscreaton10@dot.gov', 1),
(39, 'cnanninini11', 'vA0<nu.f.FLIq~3(', 'bericsson11@seattletimes.com', 1),
(40, 'imashro12', 'kR3*{U&+io', 'sstanyforth12@t.co', 1),
(41, 'hditzel13', 'jF5?FhD>a(/R', 'kgeorg13@ucoz.com', 1),
(42, 'odallewater14', 'iH9!f|8v&', 'olitchmore14@un.org', 1),
(43, 'fmathewes15', 'kS8<j9D%5|t,R1|', 'mbroadbear15@mashable.com', 1),
(44, 'jlippett16', 'oL7~e2k_y.U!', 'deacott16@nifty.com', 1),
(45, 'elamas17', 'hY4?@Fz,9e_', 'wsharpling17@cpanel.net', 1),
(46, 'skeeler18', 'eO3~+6c{EY', 'gbentinck18@gravatar.com', 1),
(47, 'alloyds19', 'tZ8$<0jz/', 'tmertin19@posterous.com', 1),
(48, 'mcassley1a', 'kH1+J&bWHsM', 'pstode1a@sciencedirect.com', 1),
(49, 'dantoniak1b', 'eC8|>$@MuWSr4@>', 'mliddington1b@statcounter.com', 1),
(50, 'plaugherane1c', 'vN0!zD?uxdo.gpOs', 'cwasbey1c@networkadvertising.org', 1),
(51, 'dgoosnell1d', 'sR0+Sd9WZ', 'jcliff1d@ebay.com', 1),
(52, 'jaleksa', 'jaleksa', 'jaleksa@example.com', 1),
(53, 'miksa', 'miksa', 'miksa@example.com', 1),
(54, 'mikica', 'mikica', 'mikica@example.com', 1);

--
-- Indexes for dumped tables
--

--
-- Indexes for table `memberships`
--
ALTER TABLE `memberships`
  ADD PRIMARY KEY (`membership_id`),
  ADD KEY `user_id` (`user_id`),
  ADD KEY `training_id` (`training_id`);

--
-- Indexes for table `trainings`
--
ALTER TABLE `trainings`
  ADD PRIMARY KEY (`training_id`);

--
-- Indexes for table `users`
--
ALTER TABLE `users`
  ADD PRIMARY KEY (`user_id`);

--
-- AUTO_INCREMENT for dumped tables
--

--
-- AUTO_INCREMENT for table `memberships`
--
ALTER TABLE `memberships`
  MODIFY `membership_id` int(11) NOT NULL AUTO_INCREMENT, AUTO_INCREMENT=1024;

--
-- AUTO_INCREMENT for table `trainings`
--
ALTER TABLE `trainings`
  MODIFY `training_id` int(11) NOT NULL AUTO_INCREMENT, AUTO_INCREMENT=7;

--
-- AUTO_INCREMENT for table `users`
--
ALTER TABLE `users`
  MODIFY `user_id` int(11) NOT NULL AUTO_INCREMENT, AUTO_INCREMENT=55;

--
-- Constraints for dumped tables
--

--
-- Constraints for table `memberships`
--
ALTER TABLE `memberships`
  ADD CONSTRAINT `memberships_ibfk_1` FOREIGN KEY (`user_id`) REFERENCES `users` (`user_id`),
  ADD CONSTRAINT `memberships_ibfk_2` FOREIGN KEY (`training_id`) REFERENCES `trainings` (`training_id`);
COMMIT;

/*!40101 SET CHARACTER_SET_CLIENT=@OLD_CHARACTER_SET_CLIENT */;
/*!40101 SET CHARACTER_SET_RESULTS=@OLD_CHARACTER_SET_RESULTS */;
/*!40101 SET COLLATION_CONNECTION=@OLD_COLLATION_CONNECTION */;
